ID,First Name,Last Name,Address,Gender,Enabled
798,Wade,Colby,PO Box 67962,Male,false
440,Vivyanne,Blaasch,Apt 1871,Female,false
206,Vivie,Gorler,Room 648,Female,false
712,Vivie,Kaygill,9th Floor,Female,true
644,Virginie,Chatto,8th Floor,Female,false
651,Vincenty,Dummer,Room 233,Male,false
601,Vicki,Alessandrucci,Suite 89,Female,false
373,Veronike,Archdeckne,PO Box 99602,Female,false
150,Verina,Vaugham,PO Box 1413,Female,true
298,Verene,Kift,Suite 17,Female,false
582,Vassili,Remon,PO Box 82805,Male,true
143,Vasilis,Shipton,Suite 73,Male,false
